x_over_width,y_over_width
-0.49640589885192205,0.004022862008005825
-0.49604262056232085,0.005546479981296335
-0.49559291523835247,0.007045947398579328
-0.4950594128731844,0.008521661896912128
-0.4944447434599834,0.009974021113352065
-0.4937515369919168,0.011403422684956461
-0.4929824234621518,0.012810264248782647
-0.4921400328638554,0.01419494344188795
-0.49122699519019475,0.015557857901329693
-0.490245940434337,0.016899405264165206
-0.4891994985894492,0.018219983167451815
-0.48809029964869854,0.019519989248246845
-0.48692097360525227,0.020799821143607625
-0.4856941504522771,0.022059876490591476
-0.4844124601829407,0.023300552926255734
-0.4830785327904099,0.024522248087657718
-0.4816949982678517,0.02572535961185475
-0.4802644866084337,0.02691028513590418
-0.47878962780532247,0.028077422296863306
-0.47727305185168545,0.02922716873178947
-0.47571738874068975,0.030359922077740003
-0.4741252684655024,0.031476079971772215
-0.4724993210192906,0.03257604005094345
-0.47084217639522147,0.033660199952311017
-0.46915646458646215,0.03472895731293227
-0.4674448155861796,0.0357827097698645
-0.4657098593875412,0.036821854960165074
-0.46395422598371394,0.03784679052089129
-0.46218054536786496,0.03885791408910047
-0.46039144753316136,0.03985562330184996
-0.45858956247277033,0.04084031579619707
-0.45677752017985906,0.04181238920919915
-0.4549579506475944,0.0427722411779135
-0.45313348386914376,0.043720269339397475
-0.4513067498376741,0.04465687133070837
-0.44948037854635275,0.04558244478890354
-0.4476569999883466,0.04649738735104029
-0.4458392441568228,0.04740209665417595
-0.44402956367617497,0.04829695844233111
-0.44222864709463855,0.04918224017364021
-0.4404361719633436,0.050058141516257045
-0.4386518038728486,0.05092486133634807
-0.43687520841371225,0.051782598500079775
-0.43510605117649265,0.05263155187361858
-0.4333439977517488,0.053471920323130945
-0.4315887137300388,0.05430390271478332
-0.4298398647019213,0.05512769791474215
-0.4280971162579549,0.05594350478917391
-0.4263601339886981,0.056751522204245064
-0.4246285834847091,0.057551949026122005
-0.4229021303365467,0.058344984120971236
-0.42118044013476935,0.059130826354959205
-0.41946317846993564,0.059909674594252366
-0.41775001093260367,0.06068172770501713
-0.4160406031133323,0.06144718455342
-0.4143346206026802,0.06220624400562743
-0.41263172899120537,0.06295910492780582
-0.41093159386946665,0.06370596618612168
-0.40923388082802253,0.06444702664674144
-0.4075382554574314,0.06518248517583154
-0.4058443833482518,0.06591254063955845
-0.4041519300910423,0.06663739190408861
-0.40246056127636115,0.06735723783558849
-0.40076994249476716,0.06807227730022453
-0.3990797393368188,0.0687827091641632
-0.3973896173930743,0.06948873229357089
-0.39569924225409253,0.07019054555461415
-0.3940082795104318,0.07088834781345937
-0.3923163947526506,0.07158233793627301
-0.39062325357130745,0.07227271478922154
-0.3889285215569607,0.07295967723847138
-0.38723186430016926,0.07364342415018901
-0.38553294739149124,0.0743241543905409
-0.38383143642148526,0.07500206682569344
-0.3821269970337114,0.07567736029011009
-0.38041937494417444,0.07635018572248849
-0.3787085570362216,0.07702054980597758
-0.37699457541419207,0.07768843217454584
-0.3752774621824245,0.0783538124621616
-0.37355724944525814,0.0790166703027933
-0.37183396930703155,0.07967698533040936
-0.37010765387208405,0.08033473717897822
-0.3683783352447544,0.08098990548246826
-0.36664604552938146,0.0816424698748479
-0.3649108168303042,0.08229240999008551
-0.3631726812518618,0.08293970546214961
-0.36143167089839284,0.08358433592500852
-0.35968781787423654,0.0842262810126307
-0.35794115428373174,0.08486552035898456
-0.3561917122312174,0.08550203359803853
-0.35443952382103233,0.08613580036376095
-0.3526846211575157,0.08676680029012034
-0.3509270363450064,0.08739501301108504
-0.34916680148784307,0.08802041816062349
-0.3474039486903651,0.08864299537270409
-0.34563851005691104,0.08926272428129525
-0.34387051769182003,0.08987958452036543
-0.3421000036994311,0.090493555723883
-0.3403270001840829,0.09110461752581639
-0.3385515392501147,0.09171274956013402
-0.33677365300186524,0.09231793146080426
-0.33499337354367353,0.0929201428617956
-0.3332107329798784,0.0935193633970764
-0.33142576341481883,0.09411557270061507
-0.32963849695283387,0.09470875040638005
-0.32784896569826244,0.09529887614833976
-0.3260572017554434,0.09588592956046262
-0.3242632372287157,0.09646989027671696
-0.3224671042224183,0.09705073793107133
-0.3206688348408901,0.09762845215749404
-0.3188684611884701,0.09820301258995354
-0.3170660153694973,0.09877439886241823
-0.31526152948831054,0.09934259060885656
-0.31345503564924876,0.09990756746323691
-0.31164656595665097,0.10046930905952774
-0.30983615251485597,0.10102779503169736
-0.3080238274282028,0.10158300501371428
-0.3062096228010305,0.10213491863954692
-0.30439357073767775,0.10268351554316364
-0.3025757033424837,0.10322877535853286
-0.30075605271978734,0.10377067771962306
-0.2989346509739274,0.10430920226040258
-0.29711153020924286,0.10484432861483983
-0.29528672253007293,0.1053760364169033
-0.29346026004075615,0.10590430530056132
-0.2916321748456317,0.10642911489978234
-0.28980249904903854,0.10695044484853482
-0.2879712647553155,0.1074682747807871
-0.28613850406880154,0.10798258433050763
-0.28430424909383567,0.10849335313166482
-0.2824685319347567,0.10900056081822705
-0.28063138469590376,0.10950418702416284
-0.2787928394816157,0.11000421138344052
-0.2769529283962313,0.11050061353002844
-0.2751116835440897,0.11099337309789516
-0.2732691370295299,0.11148246972100903
-0.2714253209568905,0.11196788303333839
-0.2695802674305109,0.11244959266885181
-0.2677340085547296,0.11292757826151754
-0.2658865764338859,0.11340181944530411
-0.2640380031723185,0.11387229585417992
-0.2621883208743665,0.11433898712211334
-0.26033756164436855,0.11480187288307277
-0.25848575758666414,0.11526093277102673
-0.25663294080559174,0.11571614641994352
-0.25477914340549024,0.11616749346379157
-0.25292439749069906,0.11661495353653939
-0.25106873516555667,0.11705850627215529
-0.2492121885344022,0.11749813130460772
-0.24735478968473762,0.11793380828749639
-0.24549656423303726,0.11836552441934468
-0.24363752157538812,0.11879328581091207
-0.24177766860730118,0.11921710148851533
-0.23991701222428763,0.11963698047847124
-0.23805555932185868,0.1200529318070965
-0.23619331679552538,0.12046496450070796
-0.23433029154079887,0.12087308758562235
-0.23246649045319054,0.1212773100881565
-0.23060192042821137,0.12167764103462714
-0.22873658836137248,0.12207408945135106
-0.2268705011481851,0.12246666436464498
-0.22500366568416044,0.1228553748008258
-0.22313608886480948,0.12324022978621017
-0.22126777758564367,0.12362123834711496
-0.21939873874217394,0.1239984095098569
-0.2175289792299116,0.12437175230075274
-0.21565850594436758,0.12474127574611935
-0.21378732578105336,0.1251069888722734
-0.21191544563547987,0.1254689007055317
-0.21004287240315825,0.12582702027221107
-0.20816961297959988,0.12618135659862822
-0.20629567426031573,0.12653191871109995
-0.20442106314081693,0.12687871563594308
-0.20254578651661487,0.12722175639947433
-0.20066985128322046,0.12756105002801046
-0.19879326433614503,0.12789660554786836
-0.19691603257089962,0.12822843198536468
-0.1950381628829955,0.12855653836681621
-0.19315966216794375,0.1288809337185398
-0.19128053732125558,0.12920162706685218
-0.18940079523844217,0.12951862743807008
-0.1875204428150146,0.12983194385851035
-0.18563948694648402,0.13014158535448977
-0.18375793452836173,0.13044756095232507
-0.18187579245615876,0.13074987967833301
-0.1799930676253863,0.13104855055883047
-0.17810976693155556,0.1313435826201341
-0.17622589727017765,0.1316349848885607
-0.17434146553676375,0.1319227663904271
-0.172456478626825,0.13220693615205006
-0.1705709434358726,0.1324875031997464
-0.1686848668594177,0.13276447655983276
-0.16679825579297136,0.13303786525862601
-0.1649111171320449,0.13330767832244292
-0.16302345777214947,0.13357392477760024
-0.161135284608796,0.1338366136504148
-0.15924660453749598,0.13409575396720336
-0.15735742445376033,0.13435135475428261
-0.15546775125310033,0.1346034250379695
-0.1535775918310271,0.13485197384458059
-0.1516869530830518,0.1350970102004328
-0.1497958419046856,0.13533854313184285
-0.14790426519143962,0.13557658166512757
-0.14601222983882509,0.13581113482660367
-0.14411974274235312,0.13604221164258795
-0.14222681079753485,0.13626982113939723
-0.14033344089988153,0.1364939723433482
-0.13843963994490427,0.13671467428075773
-0.13654541482811416,0.13693193597794254
-0.1346507724450225,0.1371457664612194
-0.13275571969114042,0.13735617475690512
-0.13086026346197893,0.13756316989131642
-0.12896441065304934,0.13776676089077017
-0.12706816815986277,0.137966956781583
-0.12517154287793042,0.13816376659007185
-0.12327454170276331,0.13835719934255336
-0.12137717152987282,0.13854726406534443
-0.11947943925476993,0.1387339697847617
-0.11758135177296589,0.1389173255271221
-0.11568291597997181,0.13909734031874227
-0.11378413877129893,0.13927402318593904
-0.11188502704245827,0.13944738315502922
-0.10998558768896116,0.1396174292523295
-0.10808582760631864,0.13978417050415673
-0.10618575369004192,0.13994761593682767
-0.10428537283564211,0.14010777457665907
-0.10238469193863044,0.1402646554499677
-0.10048371789451807,0.1404182675830704
-0.09858245759881602,0.1405686200022839
-0.09668091794703566,0.14071572173392494
-0.09477910583468806,0.1408595818043104
-0.09287702815728431,0.14100020923975698
-0.09097469181033566,0.1411376130665814
-0.08907210368935327,0.14127180231110054
-0.08716927068984819,0.14140278599963116
-0.08526619970733175,0.14153057315849
-0.083362897637315,0.14165517281399384
-0.08145937137530915,0.14177659399245945
-0.07955562781682525,0.14189484572020364
-0.07765167385737463,0.1420099370235432
-0.07574751639246836,0.14212187692879483
-0.07384316231761755,0.14223067446227539
-0.07193861852833348,0.1423363386503016
-0.07003389192012727,0.14243887851919024
-0.06812898938850996,0.14253830309525808
-0.06622391782899291,0.14263462140482194
-0.06431868413708715,0.14272784247419854
-0.06241329520830386,0.14281797532970472
-0.060507757938154175,0.1429050289976572
-0.05860207922214936,0.1429890125043728
-0.05669626595580048,0.1430699348761682
-0.05479032503461869,0.14314780513936032
-0.05288426335411524,0.1432226323202658
-0.050978087809801245,0.14329442544520155
-0.04907180529718777,0.1433631935404842
-0.04716542271178614,0.14342894563243067
-0.045258946949107426,0.1434916907473576
-0.04335238490466275,0.14355143791158187
-0.041445743473963355,0.14360819615142018
-0.03953902955252042,0.1436619744931894
-0.037632250035845,0.1437127819632062
-0.03572541181944829,0.1437606275877874
-0.03381852179884153,0.1438055203932498
-0.03191158686953579,0.14384746940591017
-0.030004613927042224,0.14388648365208526
-0.028097609866872084,0.14392257215809187
-0.026190581584536465,0.14395574395024668
-0.024283535975546503,0.14398600805486664
-0.022376479935413453,0.1440133734982684
-0.020469420359648407,0.1440378493067688
-0.01856236414376247,0.14405944450668454
-0.016655318183266942,0.1440781681243325
-0.014748289373672927,0.14409402918602934
-0.012841284610491544,0.1441070367180919
-0.010934310789233927,0.14411719974683698
-0.009027374805411338,0.14412452729858127
-0.007120483554534905,0.14412902839964167
-0.005213643932115701,0.14413071207633482
-0.003306862833665027,0.1441295873549776
-0.0014001471546939764,0.14412566326188675
0.0005064962092863721,0.14411894882337903
0.0024130603627647022,0.1441094530657712
0.0043195384102299285,0.14409718501538013
0.006225923456170964,0.1440821536985225
0.008132208605076501,0.1440643681415151
0.010038386961435457,0.14404383737067472
0.011944451629736683,0.14402057041231817
0.013850395714469046,0.14399457629276216
0.01575621232012129,0.1439658640383235
0.01766189455118231,0.14393444267531896
0.019567435512140987,0.14390032123006538
0.021472828307486067,0.14386350872887943
0.02337806604170644,0.14382401419807792
0.025283141819291,0.14378184666397764
0.027188048744728476,0.14373701515289541
0.029092779922507746,0.1436895286911479
0.030997328457117685,0.143639396305052
0.032901687453047154,0.14358662702092437
0.0348058500147849,0.1435312298650819
0.036709809246819776,0.14347321386384124
0.038613558253640774,0.1434125880435193
0.04051709025060666,0.14334936050067698
0.04242039984142497,0.14328352768919125
0.04432348257513235,0.14321507813541762
0.04622633401890756,0.1431440002135672
0.04812894973992993,0.14307028229785143
0.05003132530537836,0.14299391276248144
0.05193345628243181,0.14291487998166857
0.05383533823826949,0.142833172329624
0.05573696674007041,0.1427487781805591
0.05763833735501347,0.14266168590868505
0.0595394456502779,0.1425718838882132
0.061440287193042675,0.14247936049335475
0.06334085755048673,0.14238410409832097
0.06524115228978934,0.1422861030773232
0.06714116697812943,0.14218534580457262
0.06904089718268588,0.14208182065428046
0.07094033847063806,0.14197551600065814
0.07283948640916484,0.14186642021791676
0.07473833656544514,0.14175452168026773
0.07663688450665825,0.1416398087619222
0.07853512579998315,0.1415222698370915
0.08043305601259866,0.14140189327998687
0.08233067071168418,0.14127866746481962
0.08422796546441853,0.14115258076580095
0.0861249358379807,0.14102362155714215
0.08802157739954998,0.1408917782130545
0.08991788571630514,0.14075703910774928
0.0918138563554255,0.14061939261543774
0.09370948488408994,0.1404788271103311
0.09560476686947741,0.1403353309666407
0.09749969787876722,0.14018889255857772
0.09939427347913826,0.14003950026035356
0.10128848923776945,0.13988714244617936
0.10318234072184011,0.13973180749026642
0.10507582349852916,0.13957348376682602
0.10696893313501546,0.1394121596500694
0.1088616651984784,0.1392478235142079
0.11075401525609684,0.1390804637334527
0.11264597887504971,0.1389100686820151
0.11453755162251629,0.13873662673410636
0.11642872906567553,0.1385601262639378
0.11831950677170631,0.13838055564572055
0.120209880307788,0.13819790325366602
0.12209984524109942,0.13801215746198536
0.12398939713881958,0.13782330664488998
0.12587853156812773,0.137631339176591
0.12776724409620283,0.1374362434312998
0.1296555302902237,0.13723800778322753
0.13154338571736973,0.13703662060658553
0.1334308059448197,0.1368320702755851
0.13531778653975288,0.13662434516443742
0.13720432306934824,0.1364134336473538
0.13909041110078463,0.13619932409854552
0.14097604620124138,0.1359820048922238
0.1428612239378974,0.13576146440259992
0.14474593987793163,0.1355376910038852
0.14663018958852334,0.13531067307029082
0.14851396863685148,0.1350803989760281
0.15039727259009492,0.13484685709530833
0.15228009701543307,0.13461003580234274
0.15416243748004468,0.13436992347134255
0.15604428955110877,0.1341265084765191
0.1579256487958047,0.13387977919208366
0.15980651078131122,0.13362972399224743
0.16168687107480742,0.13337633125122172
0.16356672524347252,0.13311958934321783
0.16544606885448537,0.13285948664244687
0.16732489747502502,0.13259601152312034
0.16920320667227068,0.1323291523594493
0.17108099201340127,0.1320588975256451
0.1729582490655958,0.13178523539591905
0.17483497339603346,0.13150815434448238
0.1767111605718932,0.13122764274554632
0.17858680616035397,0.13094368897332218
0.18046190572859505,0.1306562814020212
0.18233645484379524,0.13036540840585467
0.1842104490731338,0.13007105835903382
0.1860838839837897,0.12977321963576996
0.18795675514294177,0.1294718806102743
0.1898290581177694,0.12916702965675814
0.19170078847545155,0.12885865514943276
0.19357194178316697,0.1285467454625094
0.19544251360809511,0.12823128897019936
0.19731249951741484,0.12791227404671388
0.19918189507830505,0.12758968906626422
0.2010506958579451,0.12726352240306166
0.20291889742351385,0.12693376243131743
0.20478649534219026,0.12660039752524285
0.2066534851811536,0.12626341605904914
0.20851986250758278,0.12592280640694764
0.21038562288865675,0.1255785569431495
0.21225076189155478,0.1252306560418661
0.21411527508345582,0.12487909207730861
0.21597915803153878,0.1245238534236884
0.2178424063029829,0.12416492845521662
0.21970501546496718,0.1238023055461046
0.2215669810846705,0.12343597307056363
0.22342829872927217,0.12306591940280492
0.22528896396595097,0.12269213291703977
0.2271489723618862,0.12231460198747943
0.2290083194842568,0.12193331498833515
0.23086700090024165,0.12154826029381828
0.23272501217702016,0.12115942627814
0.23458234888177104,0.12076680131551154
0.23643900658167338,0.1203703737801443
0.23829498084390643,0.11997013204624944
0.2401502672356491,0.11956606448803825
0.24200486132408022,0.11915815947972198
0.24385875867637932,0.11874640539551197
0.24571195485972513,0.11833079060961942
0.24756444544129663,0.1179113034962556
0.24941622598827304,0.11748793242963179
0.2512672920678334,0.11706066578395923
0.2531176392471566,0.11662949193344926
0.2549672630934218,0.11619439925231305
0.2568161591738081,0.1157553761147619
0.2586643230554944,0.11531241089500714
0.26051175030565993,0.11486549196725995
0.2623584364914836,0.11441460770573161
0.26420437718014433,0.11395974648463345
0.26604956793882145,0.11350089667817663
0.26789400433469374,0.11303804666057252
0.2697376819349405,0.1125711848060323
0.2715805963067407,0.1121002994887673
0.27342274301727315,0.1116253790829888
0.2752641176337172,0.11114641196290795
0.2771047157232519,0.11066338650273615
0.2789445328530559,0.11017629107668461
0.28078356459030873,0.10968511405896457
0.2826218065021892,0.10918984382378732
0.28445925415587625,0.10869046874536417
0.2862959031185492,0.10818697719790629
0.2881317489573869,0.10767935755562502
0.2899667872395683,0.10716759819273163
0.2918010135322728,0.10665168748343731
0.2936344234026791,0.10613161380195339
0.29546701241796636,0.10560736552249117
0.29729877614531375,0.10507893101926183
0.29912971015190015,0.10454629866647666
0.3009598100049046,0.104009456838347
0.30278907127150634,0.10346839390908398
0.30461748951888423,0.10292309825289897
0.30644506031421725,0.10237355824400322
0.3082717792246847,0.10181976225660798
0.31009764181746546,0.1012616986649245
0.31192264365973854,0.10069935584316411
0.31374678031868314,0.100132722165538
0.3155700473614781,0.09956178600625748
0.31739244035530273,0.0989865357395338
0.3192139548673359,0.09840695973957819
0.32103458601832335,0.09782304736064182
0.3228543124945653,0.09723482403495833
0.3246730921512801,0.09664236092453073
0.32649088150240474,0.09604573213583115
0.3283076370618767,0.09544501177533166
0.33012331534363304,0.09484027394950435
0.33193787286161064,0.09423159276482139
0.33375126612974715,0.09361904232775481
0.33556345166197954,0.09300269674477672
0.3373743859722448,0.09238263012235928
0.33918402557448046,0.09175891656697455
0.34099232698262333,0.09113163018509458
0.3427992467106109,0.09050084508319163
0.3446047412723801,0.0898666353677376
0.3464087671818683,0.08922907514520473
0.3482112809530125,0.08858823852206511
0.35001223909975016,0.0879441996047908
0.35181159813601814,0.0872970324998539
0.3536093145757537,0.0866468113137266
0.3554053449328941,0.08599361015288087
0.35719964572137647,0.08533750312378895
0.35899217345513795,0.08467856433292278
0.360782884648116,0.08401686788675464
0.3625717358142471,0.0833524878917565
0.36435868346746925,0.08268549845440053
0.36614368412171916,0.08201597368115879
0.3679266942909341,0.08134398767850345
0.3697076704890512,0.08066961455290654
0.3714865692300078,0.07999292841084017
0.3732633470277408,0.07931400335877653
0.3750379603961876,0.07863291350318759
0.37681036584928534,0.07794973295054552
0.378580519900971,0.07726453580732248
0.38034837906518215,0.07657739617999047
0.38211389985585564,0.07588838817502162
0.3838770387869286,0.07519758589888809
0.3856377523723386,0.07450506345806192
0.3873959971260225,0.07381089495901523
0.3891517325446674,0.07311514973606102
0.39090499973279746,0.07241776655756268
0.3926559293566382,0.07171854090039304
0.3944046566602522,0.07101726091725447
0.3961513168877029,0.07031371476084931
0.39789604528305283,0.0696076905838801
0.3996389770903652,0.0688989765390491
0.4013802475537029,0.06818736077905878
0.4031199919171285,0.06747263145661156
0.40485834542470556,0.06675457672440983
0.4065954433204965,0.06603298473515595
0.40833142084856444,0.06530764364155242
0.4100664132529726,0.0645783415963016
0.4118005557777836,0.06384486675210586
0.4135339836670602,0.06310700726166767
0.4152668321648658,0.06236455127768936
0.41699923651526316,0.06161728695287339
0.418731331962315,0.06086500243992219
0.4204632537500846,0.060107485891538075
0.42219513712263484,0.05934452546042352
0.42392711732402827,0.05857590929928095
0.42565932959832836,0.057801425560812685
0.42739190918959763,0.05702086239772117
0.4291249913418993,0.05623400796270889
0.4308587112992963,0.055440650408478113
0.4325932043058515,0.054640577887731315
0.43432860560562764,0.05383357855317096
0.43606505044268795,0.05301944055749932
0.43780267406109535,0.05219795205341889
0.4395416117049125,0.0513689011936321
0.44128199861820266,0.05053207613084126
0.44302397004502864,0.04968726501774889
0.4447676612294534,0.048834256007057264
0.4465132074155399,0.047972837251468864
0.4482607438473509,0.04710279690368614
0.4500104057689495,0.04622392311641139
0.45176232842439873,0.045336004042347076
0.4535166263830119,0.04443882199026119
0.45527219646538214,0.04353181505949296
0.45702606094013853,0.04261389148763803
0.4587750823292326,0.04168391435822073
0.4605161231546163,0.04074074675476523
0.4622460459382413,0.03978325176079586
0.4639617132020593,0.03881029245983699
0.46565998746802195,0.03782073193541276
0.46733773125808115,0.036813433271047524
0.4689918070941882,0.03578725955026563
0.4706190774982954,0.03474107385659123
0.4722164049923541,0.03367373927354868
0.473780652098316,0.03258411888466233
0.47530868133813303,0.03147107577345633
0.47679735523375677,0.030333473023455022
0.4782435363071389,0.02917017371818278
0.4796440870802312,0.027980040941163728
0.48099587007498545,0.026761937775922316
0.4822957478133532,0.025514727305982646
0.4835405988947258,0.024237289891261487
0.4847282516291195,0.022929526425668065
0.48585799785360023,0.021592910470682916
0.4869292543089691,0.020229049806046652
0.487941437736027,0.018839552211499924
0.4888939648755748,0.017426025466783072
0.4897862524684139,0.015990077351636753
0.49061771725534487,0.014533315645801589
0.4913877759771688,0.013057348129017933
0.4920958453746869,0.011563782581026425
0.4927413421886999,0.010054226781567702
0.49332368316000913,0.008530288510382115
0.49384228502941524,0.006993575547210301
0.49429656453771936,0.005445695671792898
0.4946859384257226,0.003888256663870252
0.4950098234342257,0.0023228663031830085
0.49526763630403003,0.0007511323694718087
0.49545879377593627,-0.000825337357523012
0.4955827125907456,-0.0024049350980608064
0.4956388095577799,-0.003986053115333189
0.4956269641370855,-0.005567373549291044
0.495548621750113,-0.007148559702979812
0.49540555881285303,-0.008729482266182574
0.4951995517412957,-0.01031001192868272
0.49493237695143144,-0.011890019380263218
0.49460581085925037,-0.013469375310707464
0.4942216298807432,-0.015047950409798535
0.49378161043189994,-0.0166256153673195
0.493287528928711,-0.018202240873053756
0.4927411617871667,-0.019777697616784377
0.4921442854232576,-0.021351856288294443
0.4914986762529738,-0.02292458757736734
0.4908061106923055,-0.02449576217378615
0.4900683651572434,-0.02606525076733394
0.4892872160637775,-0.027632924047794112
0.48846443982789833,-0.029198652704949733
0.4876018128655963,-0.03076230742858389
0.48670111159286156,-0.032323758908479966
0.48576411242568446,-0.033882877834421045
0.48479259178005524,-0.035439534896190186
0.48378832607196454,-0.03699360078357081
0.4827530917174025,-0.03854494618634596
0.48168866513235936,-0.040093441794298725
0.48059682273282583,-0.041638958297212515
0.4794793409347917,-0.04318136638487037
0.4783379961542478,-0.04472053674705541
0.47717456480718407,-0.04625634007355098
0.4759908233095911,-0.04778864705414008
0.4747885480774592,-0.04931732837860611
0.47356951552677845,-0.05084225473673211
0.4723355020735395,-0.052363296818301194
0.47108828413373277,-0.05388032531309674
0.469829638123348,-0.055393210910901804
0.4685613404583763,-0.0569018243014995
0.4672851675548072,-0.05840603617467318
0.4660028958286316,-0.059905717220205934
0.4647163016958398,-0.061400738127880966
0.4634268686869288,-0.06289099061010528
0.46213489271240155,-0.06437645162382337
0.460840368703246,-0.06585711972957374
0.4595432915904232,-0.06733299348789622
0.4582436563048939,-0.06880407145933097
0.4569414577776186,-0.07027035220441802
0.4556366909395585,-0.07173183428369728
0.4543293507216738,-0.07318851625770925
0.45301943205492545,-0.07464039668699382
0.4517069298702741,-0.07608747413209102
0.4503918390986805,-0.077529747153541
0.4490741546711054,-0.0789672143118838
0.44775387151850976,-0.08039987416765938
0.44643098457185393,-0.08182772528140815
0.4451054887620987,-0.08325076621367003
0.4437773790202049,-0.08466899552498512
0.4424466502771332,-0.08608241177589347
0.4411132974638445,-0.08749101352693521
0.43977731551129934,-0.08889479933865019
0.43843869935045837,-0.09029376777157891
0.4370974439122824,-0.09168791738626125
0.4357535441277323,-0.09307724674323732
0.4344069949277686,-0.0944617544030472
0.4330577912433521,-0.09584143892623098
0.4317059280054436,-0.09721629887332853
0.4303514001450038,-0.09858633280488036
0.4289942025929931,-0.09995153928142632
0.4276343302803727,-0.1013119168635065
0.42627177813810296,-0.10266746411166104
0.42490654109714515,-0.10401817958642982
0.4235386140884592,-0.10536406184835324
0.4221679920430063,-0.1067051094579713
0.4207946698917472,-0.108041320975824
0.4194186425656425,-0.10937269496245147
0.4180399049956529,-0.1106992299783938
0.41665845211273955,-0.11202092458419091
0.4152742788478626,-0.11333777734038321
0.4138873801319829,-0.11464978680751059
0.4124977508960612,-0.11595695154611319
0.4111053860710584,-0.11725927011673107
0.4097102805879351,-0.11855674107990435
0.4083124293776523,-0.11984936299617291
0.40691182737117015,-0.12113713442607717
0.4055084694994497,-0.12242005393015705
0.40410235069345163,-0.12369812006895269
0.4026934658841369,-0.12497133140300416
0.40128181000246577,-0.12623968649285147
0.3998673779793996,-0.12750318389903462
0.3984501647458985,-0.128761822182094
0.39703016523292345,-0.13001559990256956
0.3956073743714351,-0.13126451562100133
0.39418178709239426,-0.13250856789792945
0.3927533983267618,-0.13374775529389382
0.3913222030054982,-0.13498207636943493
0.3898881960595641,-0.13621152968509256
0.3884513724199205,-0.13743611380140688
0.3870117270175279,-0.13865582727891795
0.3855692547833472,-0.1398706686781659
0.3841239506483392,-0.14108063655969066
0.38267580954346436,-0.1422857294840326
0.3812248263996835,-0.14348594601173165
0.3797709961479574,-0.1446812847033279
0.3783143137192467,-0.14587174411936144
0.37685477404451223,-0.14705732282037234
0.37539237205471476,-0.14823801936690056
0.37392710268081486,-0.1494138323194865
0.37245896085377317,-0.15058476023867004
0.3709879415045506,-0.15175080168499136
0.3695140395641079,-0.1529119552189905
0.3680372499634057,-0.1540682194012075
0.3665575676334049,-0.15521959279218236
0.3650749875050659,-0.15636607395245544
0.36358950450934957,-0.1575076614425667
0.36210111357721664,-0.15864435382305617
0.360609809639628,-0.15977614965446404
0.35911558762754436,-0.16090304749733014
0.35761844247192615,-0.16202504591219494
0.3561183691037343,-0.16314214345959832
0.35461536245392933,-0.16425433870008035
0.35310941745347224,-0.1653616301941812
0.35160052903332356,-0.1664640165024409
0.35008869212444443,-0.1675614961853994
0.34857390165779495,-0.16865406780359704
0.34705615256433614,-0.16974172991757386
0.3455354397750288,-0.17082448108786988
0.3440117582208336,-0.1719023198750252
0.3424851028327111,-0.17297524483957988
0.34095546854162245,-0.1740432545420739
0.3394228502785279,-0.1751063475430476
0.3378872429743883,-0.17616452240304098
0.33634864156016453,-0.17721777768259409
0.3348070409668172,-0.17826611194224698
0.3332624361253071,-0.17930952374253986
0.331714821966595,-0.1803480116440125
0.33016419342164144,-0.1813815742072054
0.3286105454214073,-0.1824102099926585
0.3270538728968531,-0.1834339175609118
0.3254941707789397,-0.18445269547250548
0.32393143399862817,-0.18546654228797943
0.3223656574868786,-0.18647545656787406
0.3207968361746521,-0.18747943687272928
0.31922496499290925,-0.1884784817630852
0.3176500388726109,-0.18947258979948187
0.31607205274471767,-0.19046175954245945
0.31449100154019044,-0.19144598955255782
0.31290688018998974,-0.19242527839031734
0.3113196836250764,-0.1933996246162781
0.30972940677641103,-0.19436902679097995
0.30813604457495447,-0.19533348347496313
0.3065395919516674,-0.19629299322876773
0.3049400438375108,-0.1972475546129337
0.30333739516344493,-0.1981971661880013
0.3017316408604308,-0.19914182651451057
0.30012277585942887,-0.20008153415300153
0.29851079509140027,-0.2010162876640144
0.2968956934873055,-0.20194608560808916
0.2952774659781055,-0.20287092654576577
0.2936561074947606,-0.20379080903758462
0.29203161296823177,-0.20470573164408565
0.29040397732947965,-0.20561569292580892
0.2887731955094649,-0.20652069144329452
0.2871392624391487,-0.20742072575708245
0.2855021730494912,-0.20831579442771303
0.2838619222714534,-0.20920589601572626
0.2822185050359958,-0.21009102908166208
0.28057191627407946,-0.21097119218606078
0.2789221509166649,-0.2118463838894623
0.2772692038947131,-0.21271660275240667
0.27561307013918435,-0.21358184733543423
0.27395374458103966,-0.21444211619908496
0.27229122215123963,-0.2152974079038988
0.270625497780745,-0.21614772101041604
0.2689565664005166,-0.21699305407917663
0.26728442294151533,-0.2178334056707206
0.2656090623347014,-0.2186687743455882
0.2639304795110359,-0.21949915866431954
0.26224866940147945,-0.22032455718745458
0.2605636269369927,-0.22114496847553344
0.2588753470485366,-0.22196039108909624
0.25718382466707196,-0.22277082358868294
0.255489054723559,-0.22357626453483379
0.2537910321489587,-0.22437671248808888
0.2520897518742319,-0.22517216600898826
0.2503852088303392,-0.22596262365807193
0.24867739794824134,-0.22674808399588
0.24696631415889933,-0.22752854558295257
0.24525195239327346,-0.22830400697982992
0.2435343076083472,-0.22907446673677526
0.24181338356420798,-0.22983991992759895
0.24008920559195795,-0.23060035310745453
0.23836180226606038,-0.23135575155065277
0.23663120216097813,-0.2321061005315045
0.23489743385117462,-0.2328513853243204
0.23316052591111303,-0.2335915912034112
0.23142050691525648,-0.2343267034430875
0.22967740543806828,-0.2350567073176602
0.22793125005401182,-0.23578158810143984
0.22618206933754992,-0.23650133106873736
0.22442989186314594,-0.23721592149386342
0.22267474620526312,-0.2379253446511288
0.22091666093836465,-0.23862958581484406
0.21915566463691377,-0.23932863025932008
0.21739178587537378,-0.2400224632588674
0.21562505322820755,-0.24071107008779702
0.21385549526987846,-0.24139443602041952
0.21208314057484978,-0.24207254633104563
0.2103080177175847,-0.24274538629398612
0.20853015527254629,-0.24341294118355164
0.2067495818141981,-0.2440751962740529
0.20496632591700298,-0.2447321368398008
0.20318041615542418,-0.245383748155106
0.20139188110392497,-0.24603001549427916
0.1996007493369685,-0.24667092413163097
0.19780704942901836,-0.24730645934147227
0.19601080995453712,-0.2479366063981138
0.1942120594879884,-0.2485613505758663
0.19241082660383516,-0.24918067714904035
0.1906071398765408,-0.24979457139194686
0.1888010278805685,-0.25040301857889646
0.1869925191903815,-0.25100600398419975
0.18518164238044285,-0.25160351288216776
0.18336842602521577,-0.2521955305471109
0.18155289869916352,-0.2527820422533402
0.17973508897674936,-0.2533630332751662
0.17791502543243637,-0.2539384888868996
0.17609273664068814,-0.2545083943628513
0.1742682511759673,-0.2550727349773319
0.1724415976127373,-0.25563149600465224
0.17061280452546138,-0.25618466271912294
0.16878190048860273,-0.25673222039505467
0.16694891407662457,-0.2572741543067583
0.1651138738639903,-0.25781044972854444
0.16327680842516262,-0.258341091934724
0.16143774633460506,-0.25886606619960756
0.1595967161667808,-0.25938535779750593
0.157753746496153,-0.2598989520027297
0.1559088658971852,-0.2604068340895897
0.15406210294434006,-0.26090898933239676
0.15221348621208095,-0.2614054030054614
0.15036304427487115,-0.26189606038309454
0.1485108057071739,-0.2623809467396068
0.14665679908345236,-0.26286004734930896
0.14480105297816995,-0.26333334748651155
0.14294359596578948,-0.26380083242552566
0.1410844566207743,-0.2642624874406617
0.13922366351758766,-0.2647182978062306
0.13736124523069274,-0.265168248796543
0.13549723033455277,-0.2656123256859096
0.13363164740363123,-0.26605051374864125
0.13176452501239075,-0.2664827982590485
0.1298958917352948,-0.26690916449144225
0.12802577614680666,-0.26732959772013315
0.12615420682138942,-0.267744083219432
0.12428121233350642,-0.26815260626364945
0.12240682125762098,-0.26855515212709613
0.12053106216819588,-0.268951706084083
0.11865396363969456,-0.26934225340892065
0.1167755542465802,-0.2697267793759198
0.11489586256331606,-0.27010526925939116
0.11301491716436553,-0.27047770833364565
0.11113274662419138,-0.2708440818729938
0.10924937951725698,-0.2712043751517464
0.10736484441802564,-0.2715585734442142
0.10547916990096047,-0.2719066620247079
0.10359238454052472,-0.27224862616753825
0.10170451691118182,-0.27258445114701596
0.09981559558739451,-0.27291412223745176
0.0979256491436262,-0.2732376247131563
0.09603470615434014,-0.2735549438484406
0.09414279519399948,-0.27386606491761506
0.0922499448370675,-0.27417097319499056
0.09035618365800757,-0.27446965395487766
0.08846154023128247,-0.2747620924715874
0.08656604313135557,-0.27504827401943027
0.08466972093269015,-0.2753281838727171
0.0827726022097494,-0.2756018073057586
0.08087471553699647,-0.27586912959286547
0.07897608948889487,-0.2761301360083484
0.07707675263990729,-0.27638481182651825
0.0751767335644972,-0.2766331423216856
0.07327606083712775,-0.27687511276816135
0.07137476303226221,-0.2771107084402561
0.069472868724364,-0.2773399146122806
0.06757040648789582,-0.2775627165585456
0.06566740489732113,-0.2777790995533617
0.06376389252710317,-0.27798904887104
0.061859897951705066,-0.27819254978589075
0.059955449745590084,-0.27838958757222504
0.058050576483221684,-0.2785801475043534
0.05614530673906251,-0.27876421485658665
0.05423966908757607,-0.2789417749032354
0.05233369210322556,-0.2791128129186106
0.05042740436047418,-0.2792773141770229
0.04852083443378511,-0.2794352639527829
0.046614010897621856,-0.27958664752020135
0.04470696232644705,-0.2797314501535891
0.0427997172947242,-0.2798696571272568
0.04089230437691651,-0.2800012537155152
0.03898475214748716,-0.28012622519267505
0.037077089180899366,-0.28024455683304705
0.03516934405161658,-0.2803562339109419
0.03326154533410151,-0.2804612417006704
0.03135372160281759,-0.2805595654765432
0.029445901432228062,-0.28065119051287113
0.02753811339679611,-0.2807361020839648
0.025630386070984924,-0.2808142854641351
0.023722748029257976,-0.28088572592769256
0.021815227846077968,-0.28095040874894806
0.019907854095908357,-0.28100831920221225
0.018000655353212335,-0.281059442561796
0.016093660192453108,-0.2811037641020097
0.014186897188094153,-0.28114126909716447
0.012280394914598139,-0.2811719428215708
0.010374181946428548,-0.2811957705495396
0.008468286858048566,-0.28121273755538134
0.006562738223921422,-0.281222829113407
0.004657564618510281,-0.28122603049792716
0.002752794616278633,-0.2812223269832527
0.0008484567916891589,-0.2812117038436942
-0.0010554202807946716,-0.2811941463535624
-0.0029588080267096578,-0.2811696397871681
-0.0048616778715926115,-0.2811381694188219
-0.006764001240980311,-0.2810997205228348
-0.0086657495604093,-0.28105427837351715
-0.01056689425541689,-0.28100182824518
-0.012467406751539602,-0.28094235541213397
-0.014367258474314262,-0.28087584514868974
-0.016266420849277645,-0.2808022827291581
-0.018164865301966576,-0.2807216534278497
-0.02006256325791755,-0.2806339425190754
-0.021959486142667885,-0.2805391352771459
-0.02385560538175415,-0.2804372169763718
-0.02575089240071313,-0.28032817289106393
-0.027645318625081603,-0.280211988295533
-0.02953885548039613,-0.28008864846408976
-0.03143147439219401,-0.2799581386710449
-0.03332314678601177,-0.2798204441907092
-0.03521384408738624,-0.2796755502973934
-0.03710353774594269,-0.279523442312712
-0.03899220518481312,-0.27936411728878235
-0.040879837607925275,-0.27919759933982624
-0.042766428156147875,-0.2790239163837409
-0.044651969970348884,-0.27884309633842397
-0.04653645619139655,-0.2786551671217727
-0.04841987996015909,-0.2784601566516848
-0.050302234417504685,-0.27825809284605746
-0.052183512704301355,-0.2780490036227883
-0.054063707961417795,-0.2778329168997747
-0.05594281332972197,-0.27760986059491405
-0.05782082195008213,-0.2773798626261038
-0.059697726963366456,-0.2771429509112415
-0.06157352151044323,-0.2768991533682247
-0.06344819873218033,-0.2766484979149504
-0.06532175176944656,-0.27639101246931647
-0.06719417376310986,-0.2761267249492202
-0.06906545785403845,-0.27585566327255895
-0.07093559718310055,-0.27557785535723034
-0.0728045848911641,-0.2752933291211317
-0.07467241411909792,-0.2750021124821606
-0.07653907800776986,-0.27470423335821426
-0.07840456969804821,-0.2743997196671902
-0.08026888233080118,-0.27408859932698604
-0.08213200904689696,-0.273770900255499
-0.08399394298720358,-0.27344665037062665
-0.08585467729258969,-0.2731158775902664
-0.08771420510392335,-0.2727786098323157
-0.0895725195620727,-0.272434875014672
-0.09142961380790597,-0.2720847010552327
-0.09328548098229142,-0.2717281158718952
-0.095140114226097,-0.27136514738255724
-0.09699350668019141,-0.2709958235051159
-0.09884565148544268,-0.2706201721574688
-0.100696541782719,-0.2702382212575134
-0.10254617071288853,-0.26984999872314697
-0.10439453141681956,-0.2694555324722671
-0.10624161703538007,-0.26905485042277133
-0.10808742070943875,-0.268647980492557
-0.10993193557986354,-0.26823495059952135
-0.11177515478752274,-0.26781578866156214
-0.11361707147328452,-0.26739052259657675
-0.11545767877801683,-0.26695918032246246
-0.11729696984258847,-0.2665217897571169
-0.11913493780786728,-0.2660783788184373
-0.12097157581472165,-0.26562897542432135
-0.12280687700401964,-0.26517360749266633
-0.12464083451662958,-0.2647123029413697
-0.1264734414934194,-0.26424508968832905
-0.12830469107525783,-0.2637719956514416
-0.13013457640301285,-0.26329304874860504
-0.1319630906175526,-0.2628082768977165
-0.13379022685974543,-0.26231770801667365
-0.13561597827045946,-0.2618213700233739
-0.13744033799056266,-0.26131929083571476
-0.13926329916092384,-0.26081149837159345
-0.14108485492241093,-0.26029802054890766
-0.14290499841589213,-0.2597788852855547
-0.14472372278223564,-0.259254120499432
-0.14654102116230974,-0.2587237541084372
-0.14835688669698235,-0.2581878140304674
-0.1501713125271222,-0.2576463281834203
-0.15198429179359732,-0.25709932448519335
-0.15379581763727587,-0.2565468308536839
-0.15560588319902605,-0.2559888752067893
-0.15741448161971594,-0.25542548546240734
-0.1592216060402141,-0.25485668953843504
-0.1610272496013886,-0.2542825153527701
-0.16283140544410768,-0.2537029908233099
-0.16463406670923947,-0.2531181438679518
-0.16643522653765233,-0.25252800240459344
-0.1682348780702141,-0.25193259435113213
-0.1700330144477936,-0.25133194762546535
-0.17182962881125868,-0.2507260901454905
-0.1736247143014776,-0.250115049829105
-0.17541826405931868,-0.24949885459420643
-0.17721027122565008,-0.24887753235869212
-0.17900072894133978,-0.24825111104045963
-0.18078963034725642,-0.24761961855740625
-0.18257696858426806,-0.24698308282742942
-0.18436273679324283,-0.24634153176842669
-0.18614692811504913,-0.24569499329829553
-0.187929535690555,-0.2450434953349333
-0.18971055266062853,-0.24438706579623753
-0.19148997216613836,-0.24372573260010555
-0.19326778734795252,-0.24305952366443487
-0.19504399134693914,-0.2423884669071229
-0.19681857730396649,-0.24171259024606703
-0.19859153835990262,-0.241031921599165
-0.20036286765561614,-0.24034648888431384
-0.20213255833197505,-0.2396563200194112
-0.20390060352984762,-0.23896144292235455
-0.20566699639010197,-0.23826188551104127
-0.20743173005360643,-0.2375576757033688
-0.20919479766122895,-0.23684884141723475
-0.21095619235383822,-0.23613541057053633
-0.21271590727230216,-0.23541741108117104
-0.2144739355574891,-0.23469487086703636
-0.21623027035026718,-0.23396781784602977
-0.21798490479150467,-0.23323627993604867
-0.2197378320220695,-0.2325002850549906
-0.2214890451828304,-0.2317598611207528
-0.2232385374146554,-0.2310150360512329
-0.22498630185841262,-0.23026583776432819
-0.22673233165497036,-0.22951229417793628
-0.22847661994519677,-0.22875443320995445
-0.23021915986995997,-0.22799228277828043
-0.23195994457012847,-0.2272258708008113
-0.23369896718657038,-0.22645522519544464
-0.23543622086015387,-0.22568037388007794
-0.23717169873174718,-0.22490134477260862
-0.23890539394221855,-0.22411816579093416
-0.24063729963243588,-0.223330864852952
-0.242367408943268,-0.2225394698765595
-0.2440957150155828,-0.22174400877965417
-0.2458222109902485,-0.22094450948013342
-0.24754689000813332,-0.2201409998958947
-0.24926974521010534,-0.2193335079448356
-0.2509907697370331,-0.2185220615448533
-0.25270995672978475,-0.21770668861384543
-0.25442729932922836,-0.21688741706970932
-0.2561427906762322,-0.21606427483034246
-0.25785642391166447,-0.21523728981364232
-0.25956819217639326,-0.21440648993750647
-0.2612780886112872,-0.21357190311983212
-0.26298610635721426,-0.21273355727851678
-0.26469223855504265,-0.2118914803314579
-0.26639647834564056,-0.21104570019655297
-0.2680988188698764,-0.21019624479169946
-0.26979925326861787,-0.20934314203479476
-0.27149777468273384,-0.2084864198437363
-0.2731943762530923,-0.20762610613642155
-0.2748890511205614,-0.20676222883074788
-0.27658179242600944,-0.20589481584461283
-0.2782725933103046,-0.20502389509591384
-0.27996144691431474,-0.20414949450254838
-0.28164834637890873,-0.20327164198241376
-0.28333328484495457,-0.2023903654534075
-0.2850162554533203,-0.20150569283342706
-0.28669725134487434,-0.20061765204036985
-0.2883762656604845,-0.19972627099213347
-0.29005329154101966,-0.19883157760661513
-0.29172832212734756,-0.19793359980171232
-0.2934013505603366,-0.19703236549532255
-0.29507236998085506,-0.1961279026053433
-0.2967413735297709,-0.19522023904967192
-0.29840835434795243,-0.194309402746206
-0.3000733055762681,-0.19339542161284284
-0.3017362203555859,-0.19247832356747985
-0.3033970918267743,-0.19155813652801462
-0.30505591311151614,-0.19063488837664025
-0.3067126679309179,-0.1897085895006652
-0.30836731547756435,-0.18877920463874745
-0.3100198109936033,-0.18784669117760674
-0.3116701097211815,-0.1869110065039629
-0.3133181669024462,-0.18597210800453592
-0.3149639377795443,-0.18502995306604555
-0.3166073775946231,-0.18408449907521168
-0.3182484415898295,-0.18313570341875432
-0.319887085007311,-0.18218352348339306
-0.3215232630892145,-0.18122791665584784
-0.3231569310776871,-0.18026884032283855
-0.324788044214876,-0.17930625187108504
-0.3264165577429281,-0.1783401086873073
-0.328042426903991,-0.17737036815822496
-0.32966560694021135,-0.17639698767055786
-0.3312860530937365,-0.175419924611026
-0.3329037206067137,-0.1744391363663493
-0.33451856472128977,-0.17345458032324737
-0.33613054067961173,-0.17246621386844044
-0.3377396037238271,-0.1714739943886479
-0.3393457090960829,-0.17047787927058988
-0.34094881203852617,-0.1694778259009862
-0.34254886779330407,-0.16847379166655668
-0.34414583160256373,-0.16746573395402126
-0.3457396587084519,-0.1664536101500998
-0.34733030435311635,-0.16543737764151195
-0.34891772377870395,-0.16441699381497776
-0.3505018722273617,-0.16339241605721697
-0.35208270494123667,-0.1623636017549495
-0.3536601771624763,-0.1613305082948952
-0.3552342441332272,-0.16029309306377407
-0.356804861095637,-0.15925131344830568
-0.3583719832918527,-0.15820512683521
-0.3599355659640213,-0.15715449061120693
-0.36149556435429003,-0.15609936216301631
-0.3630519337048057,-0.15503969887735813
-0.36460462925771586,-0.15397545814095193
-0.3661536062551676,-0.15290659734051776
-0.36769881993930775,-0.15183307386277542
-0.3692402255522836,-0.1507548450944448
-0.37077777833624237,-0.1496718684222458
-0.37231143353333074,-0.14858410123289836
-0.3738411463856964,-0.14749150091312202
-0.37536687213548625,-0.14639402484963682
-0.3768885660248474,-0.14529163042916263
-0.3784061832959269,-0.14418427503841927
-0.379919679190872,-0.14307191606412661
-0.3814290089518296,-0.14195451089300468
-0.3829341278209471,-0.14083201691177297
-0.38443499104037143,-0.1397043915071515
-0.38593155385225,-0.13857159206586026
-0.3874237714987295,-0.1374335759746189
-0.3889115992219574,-0.13629030062014738
-0.3903949922640805,-0.13514172338916572
-0.3918739058672462,-0.1339878016683934
-0.39334829527360166,-0.13282849284455053
-0.3948181157252938,-0.13166375430435687
-0.39628332246446996,-0.13049354343453237
-0.3977438707332767,-0.12931781762179692
-0.39919971577386193,-0.12813653425287017
-0.4006508128283723,-0.12694965071447203
-0.40209711713895513,-0.12575712439332248
-0.4035385839477574,-0.12455891267614128
-0.40497516849692633,-0.12335497294964831
-0.4064068260286086,-0.12214526260056356
-0.40783351178495214,-0.12092973901560665
-0.4092551810081037,-0.11970835958149752
-0.41067178894021017,-0.11848108168495601
-0.41208329082341894,-0.11724786271270203
-0.4134896418998771,-0.1160086600514554
-0.41489079741173146,-0.11476343108793614
-0.4162867126011297,-0.11351213320886383
-0.4176773427102186,-0.11225472380095844
-0.4190626429811453,-0.11099116025093979
-0.4204425764089965,-0.10972140019408538
-0.42181718115970285,-0.10844540367563403
-0.4231865376258153,-0.10716313209460115
-0.4245507266688881,-0.10587454686503786
-0.42590982915047515,-0.10457960940099578
-0.4272639259321298,-0.10327828111652626
-0.4286130978754064,-0.1019705234256808
-0.4299574258418584,-0.1006562977425108
-0.4312969906930397,-0.09933556548106785
-0.43263187329050434,-0.09800828805540304
-0.43396215449580605,-0.096674426879568
-0.43528791517049853,-0.09533394336761408
-0.4366092361761359,-0.0939867989335928
-0.43792619837427144,-0.09263295499155569
-0.43923888262645955,-0.09127237295555382
-0.44054736979425396,-0.08990501423963887
-0.4418517407392083,-0.0885308402578622
-0.4431520763228765,-0.08714981242427525
-0.4444484574068124,-0.08576189215292947
-0.4457409648525696,-0.08436704085787641
-0.4470296795217024,-0.08296521995316722
-0.4483146822757643,-0.08155639085285343
-0.4495960539763093,-0.0801405149709865
-0.4508738754848911,-0.07871755372161786
-0.4521482276630635,-0.0772874685187989
-0.45341919137238035,-0.07585022077658131
-0.45468684747439564,-0.07440577190901607
-0.45595127683066305,-0.07295408333015481
-0.45721256030273644,-0.07149511645404898
-0.45847077875216974,-0.07002883269474998
-0.4597260130405167,-0.06855519346630926
-0.46097834402933086,-0.06707416018277841
-0.4622278525801667,-0.06558569425820851
-0.4634746195545775,-0.06408975710665113
-0.4647187258141174,-0.06258631014215774
-0.46596025222033993,-0.061075314778779734
-0.46719927963479907,-0.05955673243056876
-0.46843588891904886,-0.058030524511575844
-0.4696701535444496,-0.05649665248863133
-0.4709014799532262,-0.05495508259230428
-0.4721280862355317,-0.05340578954004783
-0.473348067797292,-0.05184874892549218
-0.4745595200444323,-0.050283936342267764
-0.4757605383828787,-0.04871132738400439
-0.47694921821855657,-0.04713089764433244
-0.4781236549573915,-0.045542622716882156
-0.4792819440053093,-0.04394647819528374
-0.48042218076823534,-0.04234243967316739
-0.48154246065209505,-0.040730482744163535
-0.4826408790628146,-0.03911058300190197
-0.4837155314063192,-0.037482716040013096
-0.4847645130885346,-0.035846857452127144
-0.4857859195153864,-0.03420298283187432
-0.48677784609280006,-0.03255106777288482
-0.48773838822670124,-0.0308910878687891
-0.4886656413230157,-0.029223018713216902
-0.48955770078766897,-0.02754683589979867
-0.4904126578422292,-0.025862523817221063
-0.491228299339109,-0.024170706604460857
-0.4920019068492028,-0.02247307044634224
-0.4927307143112907,-0.020771401645124976
-0.4934119556641516,-0.01906748650306948
-0.49404286484656534,-0.01736311132243597
-0.4946206757973114,-0.01566006240548464
-0.4951426224551692,-0.013960126054475705
-0.4956059387589183,-0.012265088571669592
-0.4960078586473382,-0.010576736259326052
-0.4963456160592084,-0.008896855419705512
-0.4966164449333084,-0.007227232355068184
-0.49681757920841785,-0.0055696533676742686
-0.49694625282331606,-0.003925904759783974
-0.4969996997167825,-0.0022977728336577145
-0.4969751538275969,-0.0006870438915552648
-0.4968698490945385,0.0009044957642629486
-0.49668101945638715,0.002475059831536729
-0.496405898851922,0.004022862008005866
