x_over_width,top_y_over_width,underside_y_over_width,observed_not_interpolated
-0.5,0.008063801332435214,-0.008064551498810631,1
-0.4983948635634029,0.019601738703582776,-0.008064551498810631,1
-0.4967897271268058,0.019792577464563896,-0.020623723994041287,1
-0.49518459069020865,0.024764670446624434,-0.02202663664008664,1
-0.49357945425361155,0.026549260614632027,-0.026807890861166056,1
-0.49197431781701445,0.028333850782639624,-0.029804554914237866,1
-0.49036918138041735,0.03509053393270778,-0.03420413161335504,1
-0.4887640449438202,0.036875124100715376,-0.03439497037433616,1
-0.4871589085072231,0.038659714268722965,-0.035797883020381505,1
-0.485553772070626,0.04203805584375701,-0.0403882984804798,1
-0.4839486356340289,0.0438226460117646,-0.04338496253355162,1
-0.4823434991974318,0.04898557775480629,-0.04778453923266878,1
-0.48073836276083465,0.049176416515787406,-0.04778453923266878,1
-0.47913322632423755,0.050961006683795,-0.04778453923266878,1
-0.47752808988764045,0.0527455968518026,-0.0507812032857406,1
-0.47592295345104335,0.05612393842683666,-0.05218411593178596,1
-0.47431781701444625,0.056314777187817786,-0.05518077998485778,1
-0.4727126805778491,0.0580993673558254,-0.0581774440379296,1
-0.471107544141252,0.06166854769184059,-0.06098326933002029,1
-0.4695024077046549,0.06185938645282169,-0.061174108091001426,1
-0.4678972712680578,0.06364397662082928,-0.06257702073704677,1
-0.46629213483146065,0.06383481538181043,-0.06557368479011859,1
-0.46468699839486355,0.06402565414279153,-0.06697659743616394,1
-0.46308186195826645,0.06740399571782561,-0.06997326148923576,1
-0.46147672552166935,0.06759483447880674,-0.07277908678132645,1
-0.45987158908507225,0.06937942464681433,-0.07296992554230758,1
-0.4582664526484751,0.06957026340779546,-0.07437283818835293,1
-0.456661316211878,0.06976110216877658,-0.07736950224142475,1
-0.4550561797752809,0.07154569233678416,-0.0787724148874701,1
-0.4534510433386838,0.07333028250479179,-0.08017532753351544,1
-0.4518459069020867,0.07352112126577288,-0.08317199158658727,1
-0.45024077046548955,0.07371196002675402,-0.08457490423263261,1
-0.44863563402889245,0.07568738895574273,-0.08578697811769685,1
-0.44703049759229535,0.07587822771672384,-0.08597781687867798,1
-0.44542536115569825,0.07625990523868609,-0.0889744809317498,1
-0.4438202247191011,0.07766281788473146,-0.09197114498482159,1
-0.442215088282504,0.07963824681372016,-0.09337405763086694,1
-0.4406099518459069,0.07982908557470128,-0.09477697027691229,1
-0.4390048154093098,0.08001992433568239,-0.09617988292295765,1
-0.4373996789727127,0.08021076309666351,-0.097582795569003,1
-0.43579454253611555,0.08040160185764464,-0.09879486945406722,1
-0.43418940609951845,0.08059244061862576,-0.09898570821504835,1
-0.43258426966292135,0.08237703078663337,-0.10179153350713904,1
-0.43097913322632425,0.08256786954761453,-0.10198237226812017,1
-0.42937399678972715,0.08435245971562207,-0.10319444615318439,1
-0.42776886035313,0.08454329847660322,-0.1060002714452751,1
-0.4261637239165329,0.08473413723758434,-0.10619111020625623,1
-0.4245585874799358,0.08651872740559195,-0.1088060967373658,1
-0.4229534510433387,0.08670956616657308,-0.1089969354983469,1
-0.42134831460674155,0.0869004049275542,-0.11161192202945648,1
-0.41974317817014445,0.08709124368853532,-0.1118027607904376,1
-0.41813804173354735,0.08728208244951645,-0.11479942484350943,1
-0.41653290529695025,0.08906667261752402,-0.11779608889658125,1
-0.41492776886035315,0.08925751137850514,-0.1191990015426266,1
-0.413322632423756,0.08944835013948628,-0.12060191418867194,1
-0.4117174959871589,0.09142377906847501,-0.12200482683471729,1
-0.4101123595505618,0.09161461782945612,-0.12340773948076265,1
-0.4085072231139647,0.09180545659043726,-0.124810652126808,1
-0.4069020866773676,0.09359004675844483,-0.12640440353383445,1
-0.40529695024077045,0.09378088551942595,-0.1276164774188987,1
-0.40369181380417335,0.09397172428040708,-0.1278073161798798,1
-0.40208667736757625,0.0941625630413882,-0.12901939006494403,1
-0.40048154093097915,0.09435340180236931,-0.13042230271098937,1
-0.398876404494382,0.09454424056335044,-0.1334189667640612,1
-0.3972712680577849,0.09632883073135806,-0.13463104064912543,1
-0.3956661316211878,0.09651966949233919,-0.13482187941010654,1
-0.3940609951845907,0.09671050825332032,-0.1360339532951708,1
-0.3924558587479936,0.09690134701430142,-0.13724602718023501,1
-0.39085072231139645,0.09709218577528257,-0.1374368659412161,1
-0.38924558587479935,0.0972830245362637,-0.14043352999428796,1
-0.38764044943820225,0.09906761470427126,-0.1418364426403333,1
-0.38603531300160515,0.09925845346525239,-0.14323935528637866,1
-0.38443017656500805,0.0994492922262335,-0.14464226793242402,1
-0.3828250401284109,0.10123388239424112,-0.14604518057846935,1
-0.3812199036918138,0.10142472115522225,-0.14744809322451471,1
-0.3796147672552167,0.10161555991620337,-0.14885100587056002,1
-0.3780096308186196,0.10180639867718448,-0.15006307975562427,1
-0.37640449438202245,0.10359098884519206,-0.15025391851660538,1
-0.37479935794542535,0.10378182760617317,-0.15165683116265075,1
-0.37319422150882825,0.10397266636715433,-0.15305974380869608,1
-0.37158908507223115,0.10416350512813542,-0.15446265645474144,1
-0.36998394863563405,0.10435434388911657,-0.15586556910078678,1
-0.3683788121990369,0.10454518265009768,-0.1572684817468321,1
-0.3667736757624398,0.10473602141107881,-0.15867139439287747,1
-0.3651685393258427,0.10652061157908643,-0.1598834682779417,1
-0.3635634028892456,0.10671145034006754,-0.1600743070389228,1
-0.3619582664526485,0.10709312786202979,-0.16128638092398703,1
-0.36035313001605135,0.10887771803003736,-0.16249845480905128,1
-0.35874799357945425,0.10906855679101848,-0.1626892935700324,1
-0.35714285714285715,0.10925939555199961,-0.16409220621607776,1
-0.35553772070626005,0.10945023431298073,-0.1654951188621231,1
-0.3539325842696629,0.10964107307396187,-0.16670719274718732,1
-0.3523274478330658,0.10983191183494297,-0.16689803150816845,1
-0.3507223113964687,0.11002275059592412,-0.16811010539323268,1
-0.3491171749598716,0.11021358935690524,-0.169513018039278,1
-0.3475120385232745,0.11040442811788637,-0.17091593068532338,1
-0.34590690208667735,0.11218901828589398,-0.17231884333136874,1
-0.34430176565008025,0.1123798570468751,-0.17353091721643293,1
-0.34269662921348315,0.11257069580785622,-0.17372175597741407,1
-0.34109149277688605,0.11276153456883735,-0.17474299110149716,1
-0.3394863563402889,0.11295237332981846,-0.1749338298624783,1
-0.3378812199036918,0.11314321209079958,-0.177739655154569,1
-0.3362760834670947,0.11492780225880718,-0.1779304939155501,1
-0.3346709470304976,0.11511864101978828,-0.17914256780061433,1
-0.3330658105939005,0.11690323118779591,-0.1805454804466597,1
-0.33146067415730335,0.11709406994877702,-0.18194839309270502,1
-0.32985553772070625,0.11728490870975816,-0.18335130573875036,1
-0.32825040128410915,0.11747574747073929,-0.1845633796238146,1
-0.32664526484751205,0.11766658623172041,-0.18475421838479572,1
-0.32504012841091495,0.11785742499270153,-0.18596629226985995,1
-0.3234349919743178,0.11804826375368264,-0.18717836615492417,1
-0.3218298555377207,0.11823910251466377,-0.1873692049159053,1
-0.3202247191011236,0.12002369268267134,-0.18877211756195064,1
-0.3186195826645265,0.12021453144365246,-0.18998419144701487,1
-0.31701444622792935,0.12040537020463359,-0.190175030207996,1
-0.31540930979133225,0.12059620896561474,-0.1911962653320791,1
-0.31380417335473515,0.12078704772659583,-0.19138710409306023,1
-0.31219903691813805,0.1211687252485581,-0.19259917797812445,1
-0.31059390048154095,0.12135956400953922,-0.19381125186318868,1
-0.3089887640449438,0.12135956400953922,-0.19400209062416982,1
-0.3073836276083467,0.12155040277052034,-0.19661707715527937,1
-0.3057784911717496,0.12174124153150147,-0.19680791591626048,1
-0.3041733547351525,0.12193208029248258,-0.1978291510403436,1
-0.3025682182985554,0.1237166704604902,-0.1980199898013247,1
-0.30096308186195825,0.12390750922147133,-0.19904122492540782,1
-0.29935794542536115,0.12428918674343356,-0.19923206368638893,1
-0.29775280898876405,0.12448002550441468,-0.20044413757145316,1
-0.29614767255216695,0.12467086426539584,-0.2006349763324343,1
-0.2945425361155698,0.1264554544334034,-0.20184705021749852,1
-0.2929373996789727,0.12664629319438453,-0.20305912410256274,1
-0.2913322632423756,0.1268371319553656,-0.20324996286354388,1
-0.2897271268057785,0.12702797071634678,-0.2044620367486081,1
-0.2881219903691814,0.12721880947732786,-0.20586494939465347,1
-0.28651685393258425,0.127409648238309,-0.2070770232797177,1
-0.28491171749598715,0.1276004869992901,-0.20726786204069883,1
-0.28330658105939005,0.12779132576027125,-0.20847993592576303,1
-0.28170144462279295,0.1279821645212524,-0.20969200981082722,1
-0.28009630818619585,0.1281730032822335,-0.2098828485718084,1
-0.2784911717495987,0.12995759345024113,-0.21090408369589145,1
-0.2768860353130016,0.13014843221122224,-0.21109492245687259,1
-0.2752808988764045,0.13033927097220338,-0.21390074774896328,1
-0.2736757624398074,0.1305301097331845,-0.21390074774896328,1
-0.27207062600321025,0.13072094849416563,-0.21390074774896328,1
-0.27046548956661315,0.1309117872551467,-0.2151128216340275,1
-0.26886035313001605,0.13110262601612788,-0.21651573428007284,1
-0.26725521669341895,0.13129346477710901,-0.21772780816513704,1
-0.26565008025682185,0.13148430353809012,-0.2179186469261182,1
-0.2640449438202247,0.1316751422990712,-0.2191307208111824,1
-0.2624398073836276,0.13186598106005235,-0.22034279469624665,1
-0.2608346709470305,0.1320568198210335,-0.22053363345722776,1
-0.2592295345104334,0.1322476585820146,-0.2215548685813109,1
-0.2576243980738363,0.13262933610397684,-0.22174570734229201,1
-0.25601926163723915,0.13282017486495798,-0.2227669424663751,1
-0.25441412520064205,0.13282017486495798,-0.22295778122735627,1
-0.25280898876404495,0.13460476503296553,-0.2243606938734016,1
-0.25120385232744785,0.13479560379394667,-0.2255727677584658,1
-0.24959871589085073,0.13498644255492778,-0.22576360651944696,1
-0.2479935794542536,0.13517728131590892,-0.22697568040451116,1
-0.2463884430176565,0.13536812007689003,-0.22837859305055652,1
-0.2447833065810594,0.13555895883787117,-0.22978150569660186,1
-0.24317817014446227,0.1357497975988523,-0.23099357958166608,1
-0.24157303370786518,0.13753438776685992,-0.23099357958166608,1
-0.23996789727126805,0.13772522652784105,-0.23099357958166608,1
-0.23836276083467095,0.13791606528882214,-0.23220565346673028,1
-0.23675762439807382,0.1381069040498033,-0.23341772735179453,1
-0.23515248796147672,0.13829774281078439,-0.2336085661127756,1
-0.23354735152487963,0.13848858157176552,-0.23462980123685878,1
-0.2319422150882825,0.13867942033274663,-0.23482063999783984,1
-0.2303370786516854,0.13887025909372777,-0.23584187512192298,1
-0.22873194221508827,0.13906109785470888,-0.23603271388290412,1
-0.22712680577849118,0.14084568802271646,-0.23724478776796834,1
-0.22552166934189405,0.14084568802271646,-0.23743562652894942,1
-0.22391653290529695,0.14103652678369763,-0.23864770041401367,1
-0.22231139646869985,0.14141820430565985,-0.2398597742990779,1
-0.22070626003210272,0.14160904306664096,-0.24005061306005904,1
-0.21910112359550563,0.1417998818276221,-0.2410718481841421,1
-0.2174959871589085,0.1419907205886032,-0.24126268694512323,1
-0.2158908507223114,0.14218155934958435,-0.2438776734762328,1
-0.21428571428571427,0.14237239811056546,-0.24406851223721393,1
-0.21268057784911718,0.1425632368715466,-0.24508974736129702,1
-0.21107544141252008,0.14275407563252768,-0.24508974736129702,1
-0.20947030497592295,0.14313575315448993,-0.24508974736129702,1
-0.20786516853932585,0.1433265919154711,-0.24611098248538016,1
-0.20626003210272872,0.14351743067645223,-0.24630182124636127,1
-0.20465489566613163,0.1437082694374333,-0.24732305637044436,1
-0.2030497592295345,0.14389910819841448,-0.24751389513142552,1
-0.2014446227929374,0.14408994695939556,-0.24872596901648972,1
-0.1998394863563403,0.1442807857203767,-0.24891680777747086,1
-0.19823434991974317,0.1444716244813578,-0.24993804290155391,1
-0.19662921348314608,0.14466246324233895,-0.25012888166253505,1
-0.19502407704654895,0.14485330200332006,-0.2511501167866182,1
-0.19341894060995185,0.1450441407643012,-0.2513409555475993,1
-0.19181380417335472,0.1452349795252823,-0.2523621906716824,1
-0.19020866773675763,0.14542581828626344,-0.2525530294326635,1
-0.18860353130016053,0.14561665704724455,-0.2537651033177278,1
-0.1869983948635634,0.1458074958082257,-0.254977177202792,1
-0.1853932584269663,0.14599833456920683,-0.254977177202792,1
-0.18378812199036917,0.1477829247372144,-0.254977177202792,1
-0.18218298555377208,0.14797376349819558,-0.25599841232687504,1
-0.18057784911717495,0.14816460225917666,-0.2561892510878562,1
-0.17897271268057785,0.14816460225917666,-0.2574013249729204,1
-0.17736757624398075,0.14714336713509354,-0.2586133988579846,1
-0.17576243980738362,0.14714336713509354,-0.2586133988579846,1
-0.17415730337078653,0.14733420589607465,-0.2586133988579846,1
-0.1725521669341894,0.1475250446570558,-0.2598254727430489,1
-0.1709470304975923,0.1477158834180369,-0.2598254727430489,1
-0.16934189406099517,0.14809756093999915,-0.2598254727430489,1
-0.16773675762439808,0.14950047358604454,-0.26084670786713193,1
-0.16613162118780098,0.1498821511080068,-0.2610375466281131,1
-0.16452648475120385,0.15007298986898793,-0.26205878175219616,1
-0.16292134831460675,0.15026382862996904,-0.2622496205131773,1
-0.16131621187800962,0.15026382862996904,-0.26327085563726044,1
-0.15971107544141253,0.14924259350588592,-0.2634616943982415,1
-0.1581059390048154,0.14924259350588592,-0.26448292952232466,1
-0.1565008025682183,0.149433432266867,-0.26467376828330574,1
-0.1548956661316212,0.14962427102784817,-0.2656950034073889,1
-0.15329052969502407,0.14981510978882925,-0.2656950034073889,1
-0.15168539325842698,0.15000594854981042,-0.26550416464640775,1
-0.15008025682182985,0.1501967873107915,-0.26550416464640775,1
-0.14847512038523275,0.15038762607177264,-0.2665253997704909,1
-0.14686998394863562,0.15057846483275375,-0.26671623853147197,1
-0.14526484751203853,0.1507693035937349,-0.2679283124165362,1
-0.14365971107544143,0.15255389376174253,-0.2691403863016004,1
-0.1420545746388443,0.15274473252272364,-0.2691403863016004,1
-0.1404494382022472,0.15293557128370477,-0.2689495475406193,1
-0.13884430176565007,0.15293557128370477,-0.2689495475406193,1
-0.13723916532905298,0.15312641004468588,-0.2699707826647024,1
-0.13563402889245585,0.15350808756664813,-0.2699707826647024,1
-0.13402889245585875,0.15369892632762927,-0.2697799439037213,1
-0.13242375601926162,0.15388976508861035,-0.26958910514274015,1
-0.13081861958266452,0.15388976508861035,-0.26958910514274015,1
-0.12921348314606743,0.15408060384959152,-0.2708011790278044,1
-0.1276083467094703,0.15446228137155374,-0.2709920177887855,1
-0.1260032102728732,0.1546531201325349,-0.27201325291286854,1
-0.12439807383627609,0.1546531201325349,-0.27220409167384974,1
-0.12279293739967898,0.154843958893516,-0.2732253267979328,1
-0.12118780096308186,0.15382272376943287,-0.2734161655589139,1
-0.11958266452648475,0.15401356253041398,-0.27443740068299705,1
-0.11797752808988764,0.15401356253041398,-0.2746282394439782,1
-0.11637239165329052,0.15420440129139512,-0.27443740068299705,1
-0.11476725521669343,0.15439524005237623,-0.27545863580708013,1
-0.11316211878009631,0.15458607881335737,-0.27526779704609905,1
-0.1115569823434992,0.15477691757433848,-0.27526779704609905,1
-0.10995184590690209,0.15496775633531962,-0.2750769582851179,1
-0.10834670947030497,0.15515859509630073,-0.2750769582851179,1
-0.10674157303370786,0.15694318526430837,-0.276098193409201,1
-0.10513643659711075,0.1571340240252895,-0.276098193409201,1
-0.10353130016051364,0.1571340240252895,-0.27590735464821986,1
-0.10192616372391654,0.1573248627862706,-0.27590735464821986,1
-0.10032102728731943,0.1563036276621875,-0.2771194285332841,1
-0.09871589085072231,0.15649446642316858,-0.27833150241834836,1
-0.0971107544141252,0.15649446642316858,-0.27833150241834836,1
-0.09550561797752809,0.15668530518414975,-0.2781406636573672,1
-0.09390048154093097,0.15687614394513083,-0.2781406636573672,1
-0.09229534510433386,0.15725782146709308,-0.2779498248963861,1
-0.09069020866773676,0.15744866022807422,-0.27897106002046923,1
-0.08908507223113965,0.15744866022807422,-0.2787802212594881,1
-0.08747993579454254,0.15763949898905533,-0.27897106002046923,1
-0.08587479935794542,0.15783033775003646,-0.27999229514455226,1
-0.08426966292134831,0.1580211765110176,-0.27999229514455226,1
-0.0826645264847512,0.1582120152719987,-0.27999229514455226,1
-0.08105939004815409,0.15840285403297985,-0.2810135302686354,1
-0.07945425361155699,0.15859369279396096,-0.2810135302686354,1
-0.07784911717495988,0.1589753703159232,-0.28082269150765427,1
-0.07624398073836276,0.15916620907690435,-0.28082269150765427,1
-0.07463884430176565,0.15916620907690435,-0.2806318527466731,1
-0.07303370786516854,0.15935704783788543,-0.28184392663173735,1
-0.07142857142857142,0.1595478865988666,-0.28165308787075627,1
-0.06982343499197431,0.15973872535984768,-0.28165308787075627,1
-0.06821829855537721,0.15992956412082882,-0.28165308787075627,1
-0.0666131621187801,0.16012040288180998,-0.28267432299483936,1
-0.06500802568218299,0.16012040288180998,-0.28267432299483936,1
-0.06340288924558588,0.15909916775772687,-0.28267432299483936,1
-0.06179775280898876,0.15909916775772687,-0.28369555811892244,1
-0.06019261637239166,0.159290006518708,-0.28369555811892244,1
-0.058587479935794544,0.16107459668671556,-0.2835047193579413,1
-0.05698234349919743,0.16107459668671556,-0.2833138805969602,1
-0.05537720706260032,0.1600533615626325,-0.2831230418359791,1
-0.05377207062600321,0.1600533615626325,-0.2831230418359791,1
-0.0521669341894061,0.16024420032361358,-0.28414427696006217,1
-0.05056179775280899,0.16024420032361358,-0.28414427696006217,1
-0.048956661316211875,0.1592229651995305,-0.2839534381990811,1
-0.04735152487961477,0.1592229651995305,-0.28376259943809995,1
-0.045746388443017656,0.15960464272149275,-0.2835717606771188,1
-0.044141252006420544,0.15979548148247388,-0.2835717606771188,1
-0.04253611556982344,0.15979548148247388,-0.2845929958012019,1
-0.040930979133226325,0.15998632024345497,-0.2845929958012019,1
-0.03932584269662921,0.16017715900443613,-0.2845929958012019,1
-0.0377207062600321,0.16017715900443613,-0.285614230925285,1
-0.036115569823434994,0.16036799776541721,-0.285614230925285,1
-0.03451043338683788,0.16074967528737946,-0.28542339216430385,1
-0.03290529695024077,0.1609405140483606,-0.28523255340332276,1
-0.03130016051364366,0.1611313528093417,-0.2850417146423417,1
-0.02969502407704655,0.16132219157032285,-0.28485087588136054,1
-0.028089887640449437,0.16132219157032285,-0.2846600371203794,1
-0.026484751203852328,0.1603009564462398,-0.2846600371203794,1
-0.024879614767255216,0.1603009564462398,-0.2856812722444625,1
-0.023274478330658106,0.1604917952072209,-0.2856812722444625,1
-0.021669341894060994,0.16068263396820204,-0.2854904334834814,1
-0.020064205457463884,0.16087347272918312,-0.2852995947225002,1
-0.018459069020866775,0.16106431149016429,-0.2851087559615191,1
-0.016853932584269662,0.16125515025114537,-0.284917917200538,1
-0.015248796147672551,0.1614459890121265,-0.284917917200538,1
-0.013643659711075442,0.16158860382303475,-0.28609852746532377,1
-0.012038523274478331,0.16158860382303475,-0.28609852746532377,0
-0.01043338683788122,0.1615403798729619,-0.2860670638450453,0
-0.00882825040128411,0.1614921559228891,-0.2860356002247668,0
-0.0072231139646869984,0.16144393197281623,-0.28600413660448837,0
-0.0056179775280898875,0.1613957080227434,-0.28597267298420986,0
-0.0040128410914927765,0.16134748407267052,-0.2859412093639314,0
-0.002407704654895666,0.16129926012259765,-0.2859097457436529,0
-0.0008025682182985554,0.16125103617252484,-0.28587828212337446,0
0.0008025682182985554,0.161202812222452,-0.28584681850309596,0
0.002407704654895666,0.16115458827237913,-0.2858153548828175,0
0.0040128410914927765,0.1611063643223063,-0.285783891262539,0
0.0056179775280898875,0.16105814037223343,-0.28575242764226055,0
0.0072231139646869984,0.16100991642216061,-0.28572096402198205,0
0.00882825040128411,0.16096169247208775,-0.2856895004017036,0
0.01043338683788122,0.1609134685220149,-0.2856580367814251,0
0.012038523274478331,0.16086524457194204,-0.28562657316114665,0
0.013643659711075442,0.16081702062186917,-0.28559510954086814,0
0.015248796147672551,0.16076879667179636,-0.2855636459205897,0
0.016853932584269662,0.16072057272172352,-0.2855321823003112,0
0.018459069020866775,0.16072057272172352,-0.28550071868003274,1
0.020064205457463884,0.1608631875326318,-0.28530987991905155,1
0.021669341894060994,0.1610540262936129,-0.28530987991905155,1
0.023274478330658106,0.16124486505459404,-0.28633111504313474,1
0.024879614767255216,0.16143570381557515,-0.28633111504313474,1
0.026484751203852328,0.1616265425765563,-0.2861402762821536,1
0.028089887640449437,0.1618173813375374,-0.2859494375211724,1
0.02969502407704655,0.1618173813375374,-0.2859494375211724,1
0.03130016051364366,0.16079614621345434,-0.2857585987601913,1
0.03290529695024077,0.16079614621345434,-0.28677983388427436,1
0.03451043338683788,0.16098698497443548,-0.2865889951232933,1
0.036115569823434994,0.16098698497443548,-0.2865889951232933,1
0.0377207062600321,0.16117782373541656,-0.286207317601331,1
0.03932584269662921,0.1615595012573788,-0.28601647884034986,1
0.040930979133226325,0.1615595012573788,-0.28601647884034986,1
0.04253611556982344,0.16053826613329572,-0.28423188867234234,1
0.044141252006420544,0.16053826613329572,-0.28423188867234234,1
0.045746388443017656,0.1607291048942768,-0.28525312379642537,1
0.04735152487961477,0.1607291048942768,-0.28525312379642537,1
0.048956661316211875,0.15970786977019374,-0.2850622850354443,1
0.05056179775280899,0.15970786977019374,-0.2848714462744632,1
0.0521669341894061,0.15989870853117485,-0.284680607513482,1
0.05377207062600321,0.160089547292156,-0.28448976875250087,1
0.05537720706260032,0.16028038605313713,-0.2842989299915198,1
0.05698234349919743,0.16047122481411824,-0.28410809123053865,1
0.058587479935794544,0.16047122481411824,-0.28391725246955757,1
0.06019261637239166,0.15944998969003513,-0.28372641370857643,1
0.06179775280898876,0.15944998969003513,-0.28353557494759524,1
0.06340288924558588,0.15964082845101624,-0.28334473618661415,1
0.06500802568218299,0.15983166721199737,-0.28315389742563307,1
0.0666131621187801,0.16002250597297846,-0.28296305866465193,1
0.06821829855537721,0.16021334473395962,-0.2827722199036708,1
0.06982343499197431,0.16021334473395962,-0.28258138114268966,1
0.07142857142857142,0.1590012708488954,-0.2823905423817086,1
0.07303370786516854,0.1590012708488954,-0.28219970362072744,1
0.07463884430176565,0.1591921096098765,-0.2820088648597463,1
0.07624398073836276,0.15938294837085765,-0.28181802609876516,1
0.07784911717495988,0.15957378713183878,-0.281627187337784,1
0.07945425361155699,0.15957378713183878,-0.28143634857680294,1
0.08105939004815409,0.15855255200775564,-0.2812455098158218,1
0.0826645264847512,0.15855255200775564,-0.28105467105484067,1
0.08426966292134831,0.15874339076873678,-0.2808638322938596,1
0.08587479935794542,0.1589342295297179,-0.28067299353287845,1
0.08747993579454254,0.1589342295297179,-0.28067299353287845,1
0.08908507223113965,0.15791299440563483,-0.2804821547718973,1
0.09069020866773676,0.15791299440563483,-0.2801004772499351,1
0.09229534510433386,0.15810383316661591,-0.27990963848895395,1
0.09390048154093097,0.15829467192759705,-0.2797187997279728,1
0.09550561797752809,0.15829467192759705,-0.2795279609669917,1
0.0971107544141252,0.15727343680351397,-0.27933712220601054,1
0.09871589085072231,0.15727343680351397,-0.27914628344502945,1
0.10032102728731943,0.15727343680351397,-0.2789554446840483,1
0.10192616372391654,0.15625220167943085,-0.2787646059230672,1
0.10353130016051364,0.15625220167943085,-0.27857376716208604,1
0.10513643659711075,0.156443040440412,-0.2767891769940785,1
0.10674157303370786,0.1566338792013931,-0.2765983382330974,1
0.10834670947030497,0.1566338792013931,-0.2765983382330974,1
0.10995184590690209,0.15561264407731,-0.27640749947211624,1
0.1115569823434992,0.15561264407731,-0.2774287345961994,1
0.11316211878009631,0.1558034828382911,-0.276025821950154,1
0.11476725521669343,0.1558034828382911,-0.2756441444281918,1
0.11637239165329052,0.15478224771420804,-0.27545330566721066,1
0.11797752808988764,0.15478224771420804,-0.2752624669062295,1
0.11958266452648475,0.15497308647518918,-0.2750716281452484,1
0.12118780096308186,0.15516392523617026,-0.2732870379772408,1
0.12279293739967898,0.15516392523617026,-0.2730961992162597,1
0.12439807383627609,0.15414269011208717,-0.2729053604552785,1
0.1260032102728732,0.15414269011208717,-0.2727145216942974,1
0.1276083467094703,0.15433352887306825,-0.2725236829333163,1
0.12921348314606743,0.1545243676340494,-0.2723328441723352,1
0.13081861958266452,0.1545243676340494,-0.2721420054113541,1
0.13242375601926162,0.1533122937489852,-0.2719511666503729,1
0.13402889245585875,0.1533122937489852,-0.2717603278893918,1
0.13563402889245585,0.15369397127094744,-0.2715694891284107,1
0.13723916532905298,0.15369397127094744,-0.2713786503674296,1
0.13884430176565007,0.1524818973858832,-0.26959406019942195,1
0.1404494382022472,0.151269823500819,-0.2694032214384408,1
0.1420545746388443,0.151269823500819,-0.2692123826774597,1
0.14365971107544143,0.15146066226180013,-0.2690215439164786,1
0.14526484751203853,0.15165150102278122,-0.26883070515549745,1
0.14686998394863562,0.15165150102278122,-0.26844902763353523,1
0.14847512038523275,0.15043942713771696,-0.2682581888725541,1
0.15008025682182985,0.15043942713771696,-0.2682581888725541,1
0.15168539325842698,0.1508211046596792,-0.26628275994356543,1
0.15329052969502407,0.15101194342066038,-0.2660919211825843,1
0.1548956661316212,0.15101194342066038,-0.2659010824216031,1
0.1565008025682183,0.15120278218164152,-0.26571024366062196,1
0.1581059390048154,0.15120278218164152,-0.2655194048996409,1
0.15971107544141253,0.1501815470575584,-0.2653285661386598,1
0.16131621187800962,0.1501815470575584,-0.26354397597065216,1
0.16292134831460675,0.15037238581853954,-0.263353137209671,1
0.16452648475120385,0.15037238581853954,-0.26316229844868994,1
0.16613162118780098,0.1491603119334753,-0.2629714596877088,1
0.16773675762439808,0.1479482380484111,-0.26278062092672766,1
0.16934189406099517,0.1479482380484111,-0.2625897821657466,1
0.1709470304975923,0.1481390768093922,-0.26239894340476544,1
0.1725521669341894,0.14832991557037334,-0.2622081046437843,1
0.17415730337078653,0.14832991557037334,-0.26042351447577666,1
0.17576243980738362,0.1471178416853091,-0.26023267571479564,1
0.17736757624398075,0.14590576780024486,-0.2600418369538145,1
0.17897271268057785,0.14590576780024486,-0.2598509981928333,1
0.18057784911717495,0.14609660656122603,-0.25966015943185217,1
0.18218298555377208,0.1462874453222071,-0.2594693206708711,1
0.18378812199036917,0.14647828408318828,-0.25927848190989,1
0.1853932584269663,0.14666912284416936,-0.25749389174188236,1
0.1869983948635634,0.14666912284416936,-0.2573030529809012,1
0.18860353130016053,0.14564788772008624,-0.25711221421992014,1
0.19020866773675763,0.14564788772008624,-0.256921375458939,1
0.19181380417335472,0.14564788772008624,-0.2551367852909314,1
0.19341894060995185,0.14462665259600316,-0.2549459465299503,1
0.19502407704654895,0.14462665259600316,-0.25475510776896915,1
0.19662921348314608,0.14462665259600316,-0.254564269007988,1
0.19823434991974317,0.1436054174719201,-0.25437343024700687,1
0.1998394863563403,0.14341457871093893,-0.25258884007899934,1
0.2014446227929374,0.14239334358685585,-0.2523980013180182,1
0.2030497592295345,0.14239334358685585,-0.252207162557037,1
0.20465489566613163,0.14239334358685585,-0.25023173362804835,1
0.20626003210272872,0.14137210846277273,-0.24844714346004076,1
0.20786516853932585,0.14137210846277273,-0.24825630469905965,1
0.20947030497592295,0.14156294722375387,-0.24806546593807852,1
0.21107544141252008,0.14156294722375387,-0.24787462717709735,1
0.21268057784911718,0.14035087333868962,-0.2476837884161162,1
0.21428571428571427,0.14035087333868962,-0.24749294965513516,1
0.2158908507223114,0.14054171209967076,-0.24570835948712752,1
0.2174959871589085,0.14073255086065187,-0.24551752072614638,1
0.21910112359550563,0.14073255086065187,-0.24373293055813883,1
0.22070626003210272,0.1397113157365688,-0.2435420917971577,1
0.22231139646869985,0.1397113157365688,-0.24335125303617655,1
0.22391653290529695,0.1397113157365688,-0.241566662868169,1
0.22552166934189405,0.1386900806124857,-0.24137582410718786,1
0.22712680577849118,0.13849924185150456,-0.24118498534620672,1
0.22873194221508827,0.13747800672742144,-0.2409941465852256,1
0.2303370786516854,0.13728716796644033,-0.239209556417218,1
0.2319422150882825,0.13626593284235725,-0.23901871765623686,1
0.23354735152487963,0.13626593284235725,-0.23882787889525572,1
0.23515248796147672,0.13645677160333833,-0.23863704013427461,1
0.23675762439807382,0.1366476103643195,-0.23685244996626703,1
0.23836276083467095,0.1366476103643195,-0.2366616112052859,1
0.23996789727126805,0.13543553647925524,-0.23647077244430478,1
0.24157303370786518,0.13422346259419102,-0.23449534351531606,1
0.24317817014446227,0.13422346259419102,-0.23430450475433495,1
0.2447833065810594,0.13441430135517216,-0.23411366599335384,1
0.2463884430176565,0.13460514011615327,-0.2323290758253462,1
0.2479935794542536,0.13460514011615327,-0.23213823706436512,1
0.24959871589085073,0.13358390499207015,-0.231947398303384,1
0.25120385232744785,0.13339306623108907,-0.23016280813537637,1
0.25280898876404495,0.13237183110700596,-0.22997196937439524,1
0.25441412520064205,0.13218099234602482,-0.22818737920638768,1
0.25601926163723915,0.13115975722194176,-0.22799654044540654,1
0.2576243980738363,0.13115975722194176,-0.2278057016844254,1
0.2592295345104334,0.13115975722194176,-0.22602111151641785,1
0.2608346709470305,0.1299476833368775,-0.2258302727554367,1
0.2624398073836276,0.1299476833368775,-0.2240456825874291,1
0.2640449438202247,0.13013852209785864,-0.22385484382644802,1
0.26565008025682185,0.13032936085883973,-0.22366400506546685,1
0.26725521669341895,0.13032936085883973,-0.22187941489745927,1
0.26886035313001605,0.12911728697377553,-0.22168857613647816,1
0.27046548956661315,0.12790521308871128,-0.22149773737549702,1
0.27207062600321025,0.12790521308871128,-0.22130689861451588,1
0.2736757624398074,0.12809605184969242,-0.2193314696855272,1
0.2752808988764045,0.12809605184969242,-0.21914063092454605,1
0.2768860353130016,0.12707481672560933,-0.2189497921635649,1
0.2784911717495987,0.12688397796462816,-0.21716520199555736,1
0.28009630818619585,0.1258627428405451,-0.21538061182754972,1
0.28170144462279295,0.12567190407956397,-0.2151897730665686,1
0.28330658105939005,0.12465066895548087,-0.2149989343055875,1
0.28491171749598715,0.12465066895548087,-0.21321434413757986,1
0.28651685393258425,0.12465066895548087,-0.21302350537659878,1
0.2881219903691814,0.12362943383139775,-0.21123891520859117,1
0.2897271268057785,0.12343859507041666,-0.21104807644761003,1
0.2913322632423756,0.1222265211853524,-0.2108572376866289,1
0.2929373996789727,0.1210144473002882,-0.21066639892564784,1
0.2945425361155698,0.1210144473002882,-0.2088818087576402,1
0.29614767255216695,0.12120528606126932,-0.20869096999665906,1
0.29775280898876405,0.12120528606126932,-0.20850013123567795,1
0.29935794542536115,0.12018405093718622,-0.20671554106767037,1
0.30096308186195825,0.12018405093718622,-0.2065247023066892,1
0.3025682182985554,0.12037488969816733,-0.20474011213868165,1
0.3041733547351525,0.12037488969816733,-0.2045492733777005,1
0.3057784911717496,0.11897197705212198,-0.20257384444871182,1
0.3073836276083467,0.11775990316705776,-0.20238300568773065,1
0.3089887640449438,0.11775990316705776,-0.20059841551972307,1
0.31059390048154095,0.11775990316705776,-0.20040757675874196,1
0.31219903691813805,0.11673866804297467,-0.19862298659073435,1
0.31380417335473515,0.11673866804297467,-0.19843214782975324,1
0.31540930979133225,0.11673866804297467,-0.19664755766174563,1
0.31701444622792935,0.11552659415791044,-0.19645671890076452,1
0.3186195826645265,0.1143145202728462,-0.19626588013978338,1
0.3202247191011236,0.1141236815118651,-0.1944812899717758,1
0.3218298555377207,0.11310244638778198,-0.1942904512107947,1
0.3234349919743178,0.11291160762680086,-0.19409961244981355,1
0.32504012841091495,0.11189037250271776,-0.19231502228180597,1
0.32664526484751205,0.11189037250271776,-0.1921241835208248,1
0.32825040128410915,0.11189037250271776,-0.19033959335281722,1
0.32985553772070625,0.11086913737863464,-0.18836416442382853,1
0.33146067415730335,0.11067829861765355,-0.1881733256628474,1
0.3330658105939005,0.10965706349357045,-0.18638873549483978,1
0.3346709470304976,0.1094662247325893,-0.1846041453268322,1
0.3362760834670947,0.10844498960850621,-0.1844133065658511,1
0.3378812199036918,0.10825415084752509,-0.18422246780486995,1
0.3394863563402889,0.10704207696246086,-0.18403162904388884,1
0.34109149277688605,0.10704207696246086,-0.18224703887588123,1
0.34269662921348315,0.10704207696246086,-0.18205620011490012,1
0.34430176565008025,0.10602084183837776,-0.181865361353919,1
0.34590690208667735,0.10583000307739664,-0.1784870197788849,1
0.3475120385232745,0.10480876795331352,-0.17829618101790382,1
0.3491171749598716,0.10480876795331352,-0.17810534225692265,1
0.3507223113964687,0.10480876795331352,-0.17791450349594154,1
0.3523274478330658,0.10359669406824933,-0.17612991332793396,1
0.3539325842696629,0.10238462018318507,-0.17593907456695282,1
0.35553772070626005,0.10219378142220396,-0.17236989423093763,1
0.35714285714285715,0.10117254629812086,-0.17217905546995652,1
0.35874799357945425,0.10098170753713974,-0.17039446530194893,1
0.36035313001605135,0.09996047241305664,-0.1702036265409678,1
0.3619582664526485,0.09996047241305664,-0.1684190363729602,1
0.3635634028892456,0.09996047241305664,-0.16822819761197907,1
0.3651685393258427,0.09893923728897352,-0.16644360744397146,1
0.3667736757624398,0.0987483985279924,-0.16625276868299035,1
0.3683788121990369,0.0959425732359017,-0.16446817851498277,1
0.36998394863563405,0.0959425732359017,-0.16427733975400163,1
0.37158908507223115,0.09613341199688283,-0.16249274958599402,1
0.37319422150882825,0.09613341199688283,-0.1623019108250129,1
0.37479935794542535,0.09511217687279974,-0.16051732065700533,1
0.37640449438202245,0.09511217687279974,-0.1603264818960242,1
0.3780096308186196,0.09511217687279974,-0.16013564313504308,1
0.3796147672552167,0.09390010298773552,-0.1565664627990279,1
0.3812199036918138,0.09268802910267128,-0.15637562403804678,1
0.3828250401284109,0.09268802910267128,-0.15459103387003917,1
0.38443017656500805,0.09268802910267128,-0.15440019510905803,1
0.38603531300160515,0.09147595521760706,-0.15261560494105042,1
0.38764044943820225,0.09026388133254283,-0.1524247661800693,1
0.38924558587479935,0.0900730425715617,-0.15064017601206173,1
0.39085072231139645,0.08886096868649747,-0.14885558584405412,1
0.3924558587479936,0.08764889480143327,-0.14707099567604653,1
0.3940609951845907,0.08764889480143327,-0.1468801569150654,1
0.3956661316211878,0.08764889480143327,-0.1450955667470578,1
0.3972712680577849,0.08643682091636902,-0.1431201378180691,1
0.398876404494382,0.08522474703130481,-0.1413355476500615,1
0.40048154093097915,0.08522474703130481,-0.1395509574820539,1
0.40208667736757625,0.08522474703130481,-0.1377663673140463,1
0.40369181380417335,0.08401267314624059,-0.1375755285530652,1
0.40529695024077045,0.08382183438525946,-0.1357909383850576,1
0.4069020866773676,0.08260976050019524,-0.13400634821705001,1
0.4085072231139647,0.08120684785414987,-0.13381550945606888,1
0.4101123595505618,0.07999477396908565,-0.1320309192880613,1
0.4117174959871589,0.07980393520810453,-0.13005549035907257,1
0.413322632423756,0.07878270008402144,-0.128270900191065,1
0.41492776886035315,0.0785918613230403,-0.12648631002305735,1
0.41653290529695025,0.07757062619895719,-0.12470171985504977,1
0.41813804173354735,0.07737978743797609,-0.12451088109406865,1
0.41974317817014445,0.07635855231389299,-0.12272629092606105,1
0.42134831460674155,0.07616771355291184,-0.12094170075805347,1
0.4229534510433387,0.07514647842882875,-0.12075086199707234,1
0.4245585874799358,0.07374356578278343,-0.12056002323609122,1
0.4261637239165329,0.07374356578278343,-0.11877543306808362,1
0.42776886035313,0.07234065313673808,-0.11699084290007603,1
0.42937399678972715,0.07234065313673808,-0.11342166256406085,1
0.43097913322632425,0.07234065313673808,-0.1132308238030797,1
0.43258426966292135,0.07112857925167383,-0.10985248222804563,1
0.43418940609951845,0.0697256666056285,-0.10806789206003803,1
0.43579454253611555,0.06851359272056427,-0.10787705329905692,1
0.4373996789727127,0.06832275395958315,-0.10449871172402285,1
0.4390048154093098,0.06711068007451892,-0.10430787296304173,1
0.4406099518459069,0.06589860618945469,-0.10252328279503413,1
0.442215088282504,0.06570776742847358,-0.102332444034053,1
0.4438202247191011,0.06449569354340934,-0.09876326369803781,1
0.44542536115569825,0.06309278089736402,-0.09697867353003022,1
0.44703049759229535,0.061880707012299765,-0.09678783476904909,1
0.44863563402889245,0.06168986825131866,-0.0950032446010415,1
0.45024077046548955,0.06047779436625441,-0.09321865443303391,1
0.4518459069020867,0.06047779436625441,-0.09143406426502632,1
0.4534510433386838,0.06047779436625441,-0.0896494740970187,1
0.4550561797752809,0.05786280783514486,-0.08786488392901111,1
0.456661316211878,0.05767196907416371,-0.08270195218596946,1
0.4582664526484751,0.05665073395008063,-0.08251111342498833,1
0.45987158908507225,0.0564598951890995,-0.07913277184995426,1
0.46147672552166935,0.05524782130403528,-0.07734818168194667,1
0.46308186195826645,0.05384490865798992,-0.07715734292096554,1
0.46468699839486355,0.052441996011944575,-0.07377900134593149,1
0.46629213483146065,0.05103908336589925,-0.07180357241694277,1
0.4678972712680578,0.0496361707198539,-0.07001898224893517,1
0.4695024077046549,0.048233258073808544,-0.06823439208092758,1
0.471107544141252,0.048233258073808544,-0.06644980191291996,1
0.4727126805778491,0.048233258073808544,-0.06466521174491237,1
0.47431781701444625,0.04542743278171785,-0.06288062157690477,1
0.47592295345104335,0.044215358896653616,-0.05950228000187071,1
0.47752808988764045,0.04402452013567249,-0.05593309966585552,1
0.47913322632423755,0.041218694843581795,-0.05414850949784793,1
0.48073836276083465,0.03981578219753644,-0.05236391932984033,1
0.4823434991974318,0.03700995690544574,-0.050579329161832734,1
0.4839486356340289,0.03681911814446462,-0.048794738993825144,1
0.485553772070626,0.03541620549841927,-0.045416397418791075,1
0.4871589085072231,0.03401329285237392,-0.03865971426872293,1
0.4887640449438202,0.031016628799302094,-0.03846887550774181,1
0.49036918138041735,0.028019964746230294,-0.035090533932707745,1
0.49197431781701445,0.026617052100184946,-0.02833385078263961,1
0.49357945425361155,0.02362038804711312,-0.026549260614632017,1
0.49518459069020865,0.02202663664008665,-0.02157716763257148,1
0.4967897271268058,0.01902997258701483,-0.019792577464563872,1
0.4983948635634029,0.012845805719890059,-0.013035894314495741,1
0.5,0.008064551498810642,-0.008063801332435202,1
